City,State,Country,DegreeType,WorkHistoryCount,TotalYearsExperience,CurrentlyEmployed,ManagedOthers,ManagedHowMany,work_matrix_0,work_matrix_1,work_matrix_2,work_matrix_3,work_matrix_4,work_matrix_5,work_matrix_6,work_matrix_7,work_matrix_8,work_matrix_9,work_matrix_10,work_matrix_11,work_matrix_12,work_matrix_13,work_matrix_14,work_matrix_15,work_matrix_16,work_matrix_17,work_matrix_18,work_matrix_19,work_matrix_20,work_matrix_21,work_matrix_22,work_matrix_23,work_matrix_24,work_matrix_25,work_matrix_26,work_matrix_27,work_matrix_28,work_matrix_29,work_matrix_30,work_matrix_31,work_matrix_32,work_matrix_33,work_matrix_34,work_matrix_35,work_matrix_36,work_matrix_37,work_matrix_38,work_matrix_39,work_matrix_40,work_matrix_41,work_matrix_42,work_matrix_43,work_matrix_44,work_matrix_45,work_matrix_46,work_matrix_47,work_matrix_48,work_matrix_49,job_matrix_0,job_matrix_1,job_matrix_2,job_matrix_3,job_matrix_4,job_matrix_5,job_matrix_6,job_matrix_7,job_matrix_8,job_matrix_9,job_matrix_10,job_matrix_11,job_matrix_12,job_matrix_13,job_matrix_14,job_matrix_15,job_matrix_16,job_matrix_17,job_matrix_18,job_matrix_19,job_matrix_20,job_matrix_21,job_matrix_22,job_matrix_23,job_matrix_24,job_matrix_25,job_matrix_26,job_matrix_27,job_matrix_28,job_matrix_29,job_matrix_30,job_matrix_31,job_matrix_32,job_matrix_33,job_matrix_34,job_matrix_35,job_matrix_36,job_matrix_37,job_matrix_38,job_matrix_39,job_matrix_40,job_matrix_41,job_matrix_42,job_matrix_43,job_matrix_44,job_matrix_45,job_matrix_46,job_matrix_47,job_matrix_48,job_matrix_49,job_matrix_50,job_matrix_51,job_matrix_52,job_matrix_53,job_matrix_54,job_matrix_55,job_matrix_56,job_matrix_57,job_matrix_58,job_matrix_59,job_matrix_60,job_matrix_61,job_matrix_62,job_matrix_63,job_matrix_64,job_matrix_65,job_matrix_66,job_matrix_67,job_matrix_68,job_matrix_69,job_matrix_70,job_matrix_71,job_matrix_72,job_matrix_73,job_matrix_74,job_matrix_75,job_matrix_76,job_matrix_77,job_matrix_78,job_matrix_79,job_matrix_80,job_matrix_81,job_matrix_82,job_matrix_83,job_matrix_84,job_matrix_85,job_matrix_86,job_matrix_87,job_matrix_88,job_matrix_89,job_matrix_90,job_matrix_91,job_matrix_92,job_matrix_93,job_matrix_94,job_matrix_95,job_matrix_96,job_matrix_97,job_matrix_98,job_matrix_99,UserID,JobID
0.0,0.2418906177854873,0.0,0.0,0.0,0.0,0.0,0.0,0.0,0.0,0.0,0.0,0.0,0.0,0.0,0.0,0.0,0.0,0.0,0.0,0.0,0.0,0.0,0.0,0.0,0.0,0.0,0.0,0.0,-0.012926128992758273,0.005098639181832884,0.0,0.0,0.0,0.004530178231435131,0.0,0.0,0.0,0.0,0.0,0.0024899766560557007,0.0,0.00017045121956872633,0.0,0.0,0.0,0.0,0.0,0.0,0.0,0.0,0.0,0.0,0.0,0.0,0.0,0.0,0.0,0.0,0.0,0.0,0.0,0.0,0.0,0.005651655080158302,0.0,0.0,0.007723806746137624,0.0,0.0,0.0,0.0,0.0,0.0,0.0,0.0,0.0,-0.010297660756738752,0.002981967051233856,0.0,0.0,0.0,0.0,0.0,0.01568856811841383,0.0877195334053773,0.0,0.0,0.0,0.0,0.0,-0.012523810190311915,0.0,0.002594864336760082,0.0,0.0,0.0031425496406109477,0.0,0.0,0.006605859996079898,0.0,0.000777154810640876,0.01042050897922836,0.00791306257662129,0.0,0.008634507857055732,0.0,0.0,0.0,0.0,0.0,0.0,0.0,0.0,0.009417867052662704,0.0,0.02012223037590022,0.002956091822853585,0.0,0.0,0.0,0.0,0.0,0.0,0.0,0.0,0.0,-0.0008558390980695219,0.0,0.0,0.0,0.04367171452797733,0.0,0.0,0.0,0.0,0.0,0.004295826164131544,0.0061079033749350965,0.01643178190098929,0.0,0.0,0.0,0.0,0.0073042532071221355,0.0,0.0,0.0,0.0,0.0,-0.010768591625711643,0.0,0.004593683524074188,0.0,0.0,0.0,0.0,0.0,0.0,13,821691
0.0,-0.12103843750659904,0.03042609424060916,0.0,0.0,0.0,0.0,0.0,0.0,0.006421963887988796,0.0,0.008258809636318032,0.0,0.011121769014982519,0.0,0.0,0.010724281226221738,0.0,0.0,0.0,0.0,0.0,-0.00507599525724417,0.0,-0.014451481630410767,0.014172486612889779,0.007738276327274418,-0.0043951893754330396,0.0,0.01091201230924188,0.0006895787126781627,0.0,0.008796923866522643,0.0,0.0,0.0,0.0,0.0,-0.011928855228999058,0.001663642425891232,0.0,0.0,0.0,0.0,-0.002282029171108868,0.0,0.011264486278613539,0.0,0.0,0.0,0.009649683877615445,0.0,0.006521625940129727,0.01490031495725605,-0.013683083233585747,0.0,0.0,0.0009649385983424574,0.0,0.0,0.016042272239018884,0.015652572245823615,0.0,0.015779631361894808,0.009437286636100745,0.003822422787415014,0.0,0.0,0.0,-0.005046653192943146,0.04744296387148478,0.009920445743079376,-0.01860721367023488,0.007243444986189729,0.0,0.0,0.0,-0.013383535415068926,0.0076549490789619146,0.0,0.0034205879251258398,0.0,0.0,0.0,0.0,0.0,0.0,0.0,0.013481183038654365,0.0,0.0,0.0,0.007028308278846929,0.0,0.005042539174772043,0.02276622298039327,0.0,0.0,0.0,-0.02388164734913517,0.0,0.01365659364158793,0.018884687922574472,-0.018082451582131093,-0.013193884517884946,0.0,0.0,0.010073969334353061,0.0,0.0,-0.014755467507243436,0.0,0.0,0.22074952905738865,0.0,0.0,0.0,0.01702346379723063,-0.022508587263027346,0.0,-0.012550300944610737,0.02840385232758913,0.009756014315158712,0.010603939771906767,0.0,0.013418786039442798,-0.02594178854513618,0.0,0.0,0.0,0.013642174805054363,0.0,0.0,0.0,0.0,0.0,0.0,-0.012283441130589712,0.00981538498880713,0.005027148612007815,0.0197107346098091,0.0,0.0,0.0,0.032836178966814455,0.0,0.0,0.009092184113021484,0.0,0.0,0.004861061928513655,0.012787921431917204,0.01106105484907527,0.0,0.0,0.015009959248815763,0.0,0.00852704743174032,0.009940751649415325,13,329572
0.0,-0.1581023303262148,0.0,0.016264313376179687,0.0,0.010786744570436331,0.0,0.0,0.0013130186635410743,-0.0008486744186168619,0.0,0.0,0.0,0.0,0.0,0.0,0.0,0.007802821258186326,0.0,0.0,0.0007285825975673326,0.0,0.0,0.0,0.0,0.0,0.00805700109774729,0.0,0.0,0.0,0.003792520043050255,0.0,0.0,0.0,0.0,0.0,0.0,0.0,0.0,0.0013976910892819624,0.0,0.005036807662895143,0.0,0.0,0.0,0.0,0.0029614256425360645,0.0,0.007520429921036294,0.0,0.0,-0.00029397051537432954,0.0,0.0,0.0,0.0,0.014682574869064094,0.0,0.0,0.0,0.0,0.0,0.0,0.015600335449891672,0.013913213408527204,0.0,0.0231213856022402,0.012463476190184397,0.0,0.0,0.007859130726544941,0.0043923913489177634,0.0,0.0,0.0,0.0,0.0,0.03249320709982245,0.011215616760655188,0.006241327293249398,0.0033588467866493745,0.0546013145071085,0.0,0.0,0.0,0.011873662351939006,-0.049700046698841344,0.0069019650927253495,0.005511058341280849,0.0,0.0,0.0,0.0,0.00650181708069,0.01015485350225444,0.0,0.0015197396163781924,0.0,0.00946893673110189,0.0,0.002935506297152619,0.0,0.00246596494684666,0.0,0.0,0.0,0.0,0.0,0.0,0.0,0.0,0.0,0.029739798119782404,0.0,0.006063684218224927,0.030204636664510086,0.0046743162245838,0.0,0.0,0.0,0.0,0.03488296743917561,0.0,0.0,0.0,0.0,0.0,0.00637791962314477,0.0,0.0,-0.0031338086909116184,0.006057670931948108,0.0,0.0,0.021640028519778823,0.0,0.013067930630861417,0.026673797627806084,0.007623540809066403,0.0,0.0,0.0,0.0626015159533432,0.0,0.0,0.0,0.0,0.0,0.0,0.019779649263099393,0.0,0.02506286607724443,0.003151112706126695,0.0,0.014061732851645898,0.006792561136824304,0.0,0.0,0.0,514,131166
-0.07207298016855443,-0.21661067846318732,-0.009333012965254142,0.0,0.0,0.0,0.0,0.019216566089776975,0.0,-0.0056807661403741605,0.0,0.0,-0.014237196447348152,-0.009346787518824853,0.0,0.0,0.00800920127624001,-0.006691937397457048,0.0,0.005801979652287292,0.0,0.0,0.0,0.0,-0.012562521629298218,0.0,0.0,0.0,0.004171776230843527,0.004443925230321832,-0.008435367526648196,-0.010153555123052646,0.0,0.009857554012700859,0.00528614060055671,0.014149018516732892,-0.009096496456792835,-0.0020541463171579975,0.0,-0.005140119843970614,0.0,0.0,0.0,-0.006823787457332919,-0.009570931588748333,-0.0013247045689880194,0.0,0.004089961935744568,0.0,0.006991257184351937,-0.008919931454073868,0.006923804722841986,0.01211208496150605,-0.0026606936260742398,-0.003423802974335574,0.0,0.0,-0.0037406154176534145,-0.005444417555145437,-0.003562755048324996,0.0,0.0,0.0,0.0,-0.05076145245704719,-0.005624342885321432,-0.005712434455853704,0.0,-0.010531771829273201,0.0,0.0051983630165011,0.0,0.0,0.0,-0.004981701519503445,-0.0020602208068006486,0.0092927441668475,0.006935041744859968,-0.005428240065644338,0.0,0.005457728184263877,-0.002287012221515755,-0.001241970691217703,0.0,0.0,0.0,-0.0022192211303543874,0.0,-0.007479421850223905,-0.008790276412829326,-0.011800838865870661,0.0,-0.0024202464101216806,0.0,0.0,0.00699525243686773,0.0,-0.006881748566980428,0.0,0.0,0.0,0.0,0.0,-0.0024657936034022943,0.0,0.0,0.0,0.009847027311845502,0.0,0.0,0.005629474234935941,-0.0060681847134038125,-0.002537491581599105,-0.007042672220991308,0.0,0.0,0.004416928347870087,0.0,-0.008854700195691845,0.0027481319813494887,-0.003314722900924272,0.0,0.0070275755860694095,0.015825984124187398,0.0,0.0,-0.0027043561510064484,-0.018390116005258264,0.0,0.0,-0.011926610396706672,0.0,0.0,0.0,0.010171377624473378,0.0,0.0,0.0,0.008636517146708184,0.0,0.00892617452112554,0.0,0.0,0.0,-0.029789082952191404,-0.011832017400573436,0.0,0.016068514597639458,-0.011817606958339777,-0.004691022622028362,0.0007065146831745917,0.0,-0.02326759340191578,0.0,0.0,-0.004843939172329975,-0.016412344851967964,-0.018191835043004367,-0.004115033443275351,514,620304
0.0,0.4333565675769234,0.0,0.0,0.0,0.0,0.0,0.0,0.0,0.0,0.002236437643571343,0.0,0.0,0.0,0.0,0.0,0.0023701737874943785,0.0,0.0,0.0,0.0,0.0,0.0,0.0,0.0004762208920184863,0.0005109606102917386,0.0,0.0,0.0,0.003001712478638896,0.0,0.0,0.0,0.0,0.0,0.0,0.0,0.0,0.0,0.0,0.0,0.0025221573746594395,0.0,0.0,0.0,0.0,0.0,0.0,0.0,-0.003857317305842156,0.0,0.0,0.0,0.0,0.0,0.0014025224015819515,0.0,0.0,0.0,0.0,0.0065626482001288206,0.0,0.0,0.0,0.004819739731418138,0.0,0.0,0.0,0.0,0.0,0.013245966712158996,0.0,0.0,0.0,0.0,0.001731621447219861,0.0,0.0,0.0032170709759744565,-0.0003688022606207486,0.006870858554231918,-0.006294185803565333,0.0,0.0,0.0,0.009330589698285208,0.0,0.0,0.010726383015375596,0.0,0.0,0.0,0.010346775175690104,-0.03219867020857203,0.0,0.0,0.0,0.0,0.0,0.0,0.0,-0.005150110892592083,0.0029980247873490906,0.0070958812409759875,0.0,0.00237004164931659,0.0,0.009988822654583673,0.0,0.0016234655150966226,0.0,0.0008886940831947521,0.0,-0.0042996607684872845,0.0,0.0,0.0,-0.007177826153466432,0.0,0.0,0.0,0.0,-0.005887825014772696,0.0,0.001241649757250357,0.0,0.0,0.0,0.0,0.0,0.0,0.0,0.0,0.0,0.0,0.0,0.0,0.0,0.0,0.0,0.0,0.0,0.0,0.006969066100896981,0.007017226445925728,0.0,-0.011059775952223239,0.0,0.0,0.0,0.0,0.00011392679203045541,0.004809720269259521,0.0,0.0,0.0,0.0,0.0,0.0,681,654542
0.0,0.36184067451405516,0.003819378302984011,0.0,0.0,0.0,0.0,0.0,0.0,0.0,-0.010055696285572457,-0.0030231281505103125,-0.002432431714826988,-0.006099095861754722,0.0052179688745422614,-0.009422138312569217,0.008793981457415778,0.0,0.0,0.0,0.0,0.002951280222155961,0.0,-0.00400269685875565,0.0,-0.007810681872227998,-0.007335079466160743,0.004942522085754297,0.00528882384949414,0.0,0.00613665289839932,0.0,0.0,-0.00805639000424535,0.0,0.0,0.0,0.0,0.0,0.0,0.0,0.004708262326099,0.0,-0.0025259057278184116,0.0014598519878536997,0.0,-0.004280172460106174,0.0,0.0,0.0006018327595127548,-0.0038741793319304607,0.00493474686547811,0.0,0.00233573559827753,-0.0054894373433424515,-0.010659163659665377,0.0042715748902271145,0.0,-0.004675188948264075,0.0,0.0,-0.005074906067568996,0.0,0.0,0.004275830307053752,0.0,0.0,0.0,-0.0004547125485556136,0.0,0.0,0.0,0.0,0.059857222821869394,0.06003353051066007,0.0,0.0,-0.005785520774838071,0.003716184446485693,0.0,0.0,0.0,0.0,0.0,0.0,0.0,0.008621709402545585,0.0,0.0,0.009311901450259827,0.0,0.0,0.0,0.0065064006293847065,0.0,0.0,0.0,0.010829331093357486,-0.0005468663216614267,0.0,0.0,-0.007578170692977532,0.002229572450508588,0.0,0.0,-0.007661858836674029,0.0,-0.0003264495630857511,-0.00568694523038793,0.0,0.0,0.0024963744417937084,0.0,0.0,0.0,0.007563463430713069,0.0,0.0,0.0,0.0,0.003968093475075929,0.0,0.0,0.0,-3.770178478867958e-05,0.0,-0.007696946869480414,0.0,0.0,0.0,0.0,0.0,0.0,0.0,0.003806183567436283,0.0,0.0,-0.009031396373244016,0.009500925330060639,-0.00663476218564979,0.008587943203742093,0.006458481374715164,0.0,0.0032472635092947594,0.0,0.0,0.0,-0.00964178563893578,0.0,0.006681761484451099,0.002466167507739092,0.0,0.0,0.0,0.0,0.0,0.0,0.0,0.0,681,625758
0.0,0.21987618559366887,0.0,0.0,0.0,0.0,0.0,0.0,0.0,0.0,0.0,0.0,0.0,0.0,0.0,0.0,0.0,0.0,0.0,0.0,0.0,0.0,0.0,0.0,0.0,0.0,0.0,0.0,0.0,0.0,0.0,0.0,0.0,0.0,0.0,0.0,0.0,0.0,0.0,0.0,0.0,0.0,0.0,0.0,0.0,0.0,0.0,0.0,0.0,0.0,0.0,0.0,0.0,0.0,0.0,0.0,0.0,0.0,0.0,0.0,0.0,0.0,0.0,0.22440236385088902,0.0,0.0,0.0,0.0,0.0,0.0,0.0,0.0,0.0,0.0,0.0,0.0,0.0,0.0,0.0,0.0,0.0,0.004713033933959082,0.0,0.0,0.0,0.0,0.0,0.003436862796774298,0.0,0.0,0.0,0.0,0.0,0.0,0.0,0.0,0.0,0.0,0.0,0.0,0.0,0.0,0.009214597319868845,0.0,0.0,0.0,0.0,0.0,0.0,0.0,0.0,0.0,0.0,0.0,0.0,0.0,0.0,0.0,0.0,0.0,0.0,0.0,0.0,0.0,0.0,0.0,0.0,0.0,0.0,0.0,0.0,0.0,0.0,0.0,0.0,0.0,0.0,0.0,0.0,0.0,0.0,0.007858066803419161,0.0,0.0,0.0,0.0,0.0,0.0,0.0,0.0,0.01206211709744337,0.0,0.0,0.0,0.0,0.0,0.0,0.0,0.0,681,15081
-0.05799269795655539,-0.2781301018426234,0.0,0.0,-0.010022404486993042,0.0,-0.010538510340926767,0.0,0.0,0.0,0.0,0.0,0.0,0.0,-0.01047399398713118,0.0,0.0,0.0,-0.003952709585592728,0.0,0.0,0.0,0.0,0.0,0.0,0.0,0.0,0.0,0.0,0.0,0.0,0.0,0.0,0.0,0.0,0.002791905741534376,0.0,0.0,0.0,0.0,0.0,-0.006146918028142961,-0.0040110738307327625,0.0,-0.0013746356608833996,0.0,0.0,0.0,0.0,0.0,0.0,0.0,0.0,0.0,0.0,-0.007572195989486773,0.0,0.0,0.0,0.0,-0.007763037399814848,0.0,0.0,-0.01404732960159327,-0.05938814057307797,0.0,0.0,0.0,0.0061056347630933545,-0.008540705943797647,0.0,0.018804901523132748,0.010917390911271389,-0.012388176029569835,-0.02549185533779192,0.0,-0.006265364336714139,0.0,0.00858920850837089,0.0,0.008676081757108614,-0.013639484675656722,0.0,-0.004963028590060721,-0.010590277651138982,0.03487398056209878,0.0,0.0,-0.007426067273160498,0.0,0.0,-0.01897560902067423,0.0,0.014267011190325226,-0.0009263190390521951,0.0,0.0,0.10180434877274826,0.0,-0.018794098877734658,0.0,-0.0017544442813751894,0.015367786079577185,0.006285708046239125,-0.008081750988011015,0.0,0.0,-0.009328480738958814,-0.009615323684061702,-0.0069942681414090525,0.0,-0.004496647355774636,-0.02211830111617057,0.0,0.0,0.008650660934512567,0.0,0.0,-0.006627514574829075,0.015745873761965023,0.0,0.0,0.0,0.0,0.0,0.0,0.004685784952763062,-0.0072037697565670725,0.0,0.0,-0.0018144648703552328,0.0,0.0,0.0,0.0,-0.002402336944466532,0.0,0.0,0.0,0.00794190996411968,0.0,0.0,-0.008894071482553624,-0.014920010050174019,0.0,0.0,0.0,0.0,0.0,0.0,0.0,0.009846094575394287,0.0,0.0,0.0,0.0,0.0,0.0,-0.003041934103968247,681,291467
-0.059337628471788695,-0.31336434854073575,0.0,-0.0061015081574139485,0.0,-0.0056764062019575845,0.0,-0.001400611262603213,0.0,0.0,-0.0008266651692785398,0.0,-0.0007718206436532205,0.0,0.0,0.0,0.0,0.0,0.0,0.0,0.0,-0.0011099732266246498,0.0,-0.005210199422230194,0.0,-0.0014728024184184618,0.0,0.0,0.0003346214588239582,0.0,-0.0016510010015179932,-0.0030932266573337475,0.0,0.0,0.0,0.0,0.0,0.0,0.0,-9.529910548905507e-05,0.0,0.0,0.0,0.0,0.0,0.0,0.0,0.0,0.0,-0.0028897840501764804,0.0,0.0,0.0,-0.0012774542655476229,0.0,0.0,0.0,0.0,0.0,0.0,0.0,-0.0020525393647479184,0.0,0.0,0.0,-0.0030340561194279747,0.0,0.0,0.0,0.0,-0.007176822021573381,5.364063881962977e-06,-0.012592585372462661,-0.0036110153936292078,-0.015142870263227637,0.0,0.0,0.0,0.0,0.0,0.0,-0.015698372843246794,0.0,0.0,-0.004211313492511748,-0.004637723708664089,0.0,0.0,-0.0034402767373437615,0.0,-0.0006603149314450552,0.0,0.0,0.0,0.022414021403910217,0.0,0.0,-0.004218092043922872,-0.0004933550232173733,0.0,0.0,0.0,0.0,0.0,-0.005249254203580356,0.0,0.0,-0.004863483959104881,-0.002383293021617716,0.0007908182234838135,0.00025176034183160834,-0.002892912562995953,-0.020012636674616058,-0.003408204226648115,0.0,0.0,0.0,0.0,0.0,0.0,0.0,-0.0018118393901631058,0.0,0.0,0.0,0.0,0.0,0.0,0.0,0.0,0.0,0.0,0.0,0.0,0.0,0.0,0.0,0.0,0.0,0.0,0.0,0.0,-0.004263380885598078,0.0,0.0,0.0,-1.1144611295754725e-05,0.0,0.0,0.0,0.0,0.0,0.0,-0.0007044332461992875,0.0,-0.009353614089842144,0.0,0.0,-0.0036453445586339672,681,1035056
-0.060706738702091506,-0.2777468322768487,0.006971243677493882,0.0,0.0,0.0,-0.0004429172028424522,-0.0061215989462082565,0.0,0.0,0.0,-0.0026900619311474097,0.0,-0.0008371541462710297,0.0,-0.010440702284060015,0.0,0.0,0.0,0.0,0.0,0.0,0.0,0.0,0.0,0.0,0.0,0.0,0.009339795542240292,0.0,0.0,0.0,0.006894281506127593,0.0,0.0,0.0,0.0,0.0,0.0,0.0,0.0,0.0,0.0,0.0,0.0006175360708437286,-0.008729590599102624,0.011925411670266395,0.0,0.0,0.0,0.0,0.0,0.0,0.002045587073003511,0.0,0.0,0.0,0.0,0.0,-0.0016118888504853268,-0.011265116914156742,0.0,0.0,-0.008604137179308375,0.0,0.0,0.0,0.0,0.005812013055438409,-0.0015950425498352729,-0.014769175337088523,0.0,-0.020577193459372617,0.0,-0.03804332939890894,0.0,0.0,0.0,0.0,0.0101333106670295,0.009691068990674734,-0.004442062091555912,0.0,-0.007091066473885313,-0.008132821072370622,-0.007379166615639053,0.0,0.0,-0.02004699271764418,0.0,0.0,0.0,-0.017193310580534443,0.005747174098647272,-0.012372553068612957,0.0,0.0,-0.0012988658472194402,0.0,0.07201077589749705,0.0,0.0,0.013665170903769286,-0.005899088733058111,-0.01077180754446861,0.018338975807897034,0.0,-0.017423405879342328,-0.012051005294661146,0.0,0.0,0.0,-0.03286672114148123,0.0,0.010486316685827422,0.009124575684610968,0.0,0.0,-0.007354544516515828,0.0,0.0,-0.010493131524708644,0.0,0.0,0.0,-0.007574063063696956,0.0,-0.0036374522441774935,0.007200689940528943,0.013824474951038293,0.0,0.0,-0.01044785059030618,0.0,0.04213412973598195,0.04535958580788635,0.0,-0.015531189466651739,-0.005689388043807725,0.02316682851421023,-0.00946845129974052,0.0,-0.014116756424250285,0.013520485806987143,0.0074560451352960605,0.0,0.0,-0.010614894222164085,0.0,0.0,-0.007884546084674149,0.0,0.0,-0.0019069878712295596,0.0,-0.008301207144911671,-0.005654179081803767,0.0,0.0,681,2083
-0.006600924900554639,0.45511323853893987,0.0,0.0,0.0,0.0,0.0,0.0,0.0,0.0,0.0,0.0,0.0,0.0,0.0,0.0,0.0,0.0,0.0,0.0,0.0,0.0,0.0,0.0,0.0,0.0,0.0,0.0,0.0,0.0,0.0,0.0,0.0,0.0,0.0,0.0,0.0,0.0,0.0,0.0,0.0,0.0,0.0,0.0,0.0,0.0,0.0,0.0,0.0,0.0,0.0,0.0,0.0,0.0,0.0,0.0,0.0,0.0,0.0,0.0,0.0,0.0,0.0,0.0,0.004096776760530413,0.0,0.0010376665789730288,0.0,0.0,0.0,0.0,0.0,0.0,0.013404248907273653,0.021333879043103313,0.0,0.0,0.0,0.002911678889788605,0.0,0.0,0.0,0.0,0.0,0.0,0.0,0.0,0.0,0.0,0.0,0.0,0.0,0.0,0.004998767437906837,0.0,0.0,0.0,0.0,0.0,0.0,0.0,0.0,0.00305926465645473,0.0,0.0,0.0,0.0,0.0,-0.004946046117327213,0.0,0.0,0.0,0.0,0.0,0.0,0.0018562417531312048,0.0,0.0,0.0,0.0,0.0,0.0,0.0,0.0,0.0,0.0,0.0,0.0,0.0,0.0,0.0,0.0007383477642993186,0.0,0.0,0.0,0.0,0.0,0.0,-0.023035804537128002,-0.010789739530379927,0.0,0.0,0.0,0.0,0.0,0.0,0.0,0.0,0.0,0.0049476330739493535,0.0,0.003832758314365914,0.008025614432088102,0.0,0.0,0.0,0.0,0.0,0.0,767,85377
-0.023173173030662526,-0.2294678364429318,0.0,0.0,0.0297651528508098,0.0,0.0,0.02404743688191671,0.0,0.010426912884586003,0.0,0.0,0.0,0.0,0.0,-0.018092859871117833,0.0,0.0,0.0,0.0,-0.014431644627392562,0.0,0.0,0.0,0.0,0.0,0.0,0.03651968870016703,0.0,0.0,0.021417079386241558,0.0,0.0,0.0,0.023222377047656433,0.015793523567306404,-0.013148952736507138,-0.013070159177752824,-0.008710808473755688,0.0,-0.0015560906274819496,0.0,0.0,0.0,-0.015606954979066653,0.0,0.0,0.0,0.0,0.0,0.0,0.0,0.0,0.0,0.0,0.012963434480494017,-0.021209980264114327,0.0,-0.018856275313869294,0.0,-0.009468499708061573,-0.011015288175697843,0.0,-0.011210590666075125,-0.045267472654591176,0.0,0.020224945184615255,-0.014263664335077614,0.0,0.0,-0.006533686596788631,-0.020736675380931907,0.0,-0.0748803150481139,0.3188384455065989,0.0,0.0,0.04553728442898229,0.0,0.0,0.0,-0.035618484014844236,-0.049354944614918045,0.0,0.02050538041216513,0.0,0.0,-0.02227120771728332,0.0,-0.005107645739424141,0.0,0.0,0.0,0.0,0.0,0.0,0.0,0.0,0.0,0.0,0.0,0.046810835350037244,-0.006497271013733985,-0.00604298584939611,-0.012760409529779918,0.0,0.0,0.0,-0.011789677183024039,0.0,0.0,0.02317290373786346,0.0,-0.028552751804373756,0.0,-0.06884254727456149,0.0,0.007589158531953702,-0.011690374470816445,0.023589048725269277,-0.0006258940855976003,-0.015885790092137204,0.0,-0.01075486718637779,0.0,0.0,0.0,0.0,0.0,-0.01739215557262407,0.0,0.0,-0.028587317331429662,-0.011959604255205758,-0.011040641828313526,-0.007998235817033655,0.0,0.0,0.0,-0.03376894336284014,-0.07779916110807206,0.0,0.0,0.0,0.0,0.0,0.04439576036812176,-0.016282627372522285,0.0,0.0,0.0,0.0,0.0019087361165209815,0.0,0.0,0.0,0.0,0.011486954213652256,0.0,767,385582
0.3590789864582519,0.19087909353530588,0.0,0.0,0.0,0.0,0.0,0.0,0.0,0.0,0.0,0.0,0.0,0.0,0.0,0.0,0.0,0.0,0.0,0.0,0.0,0.0,0.0,0.0,0.0,0.0,0.0,0.0,0.0,0.0,0.0,0.0,0.0,0.0,0.0,0.0,0.0,0.0,0.0,0.0,0.0,0.0,0.0,0.0,0.0,0.0,0.0,0.0,0.0,0.0,0.0,0.0,0.0,0.0,0.0,0.0,0.0,0.0,0.0,0.0,0.0,0.0,0.0,0.0,0.006592123988967691,0.0,0.0,0.0,0.0,0.0,0.0,0.0,0.0,0.009447361208351268,0.0,0.0,0.0,-0.014924910834413163,0.0,0.0,0.010152655791187737,0.0,0.0,0.0,0.0,0.0,0.0,0.0,0.0,0.0,0.0,0.0,0.0,-0.04057864989804172,0.0,0.0,0.0,0.0,0.0,0.0,0.0,0.0,0.0,0.0,0.0,0.0,0.0,0.0,0.0,0.0,0.0,0.0,0.0,0.0,0.0,0.0,0.0,0.0,0.0,0.0,0.0,0.0,0.0,0.0,0.0,0.0,0.0,0.0,0.0,0.0,0.0,0.0,0.0,0.0,0.0,0.0,0.0,0.0,0.0,0.0,0.0,0.0,0.0,0.0,-0.03908343283857174,0.0,0.0,0.0,0.0,0.0,0.0,0.0,0.0,0.0,0.0,0.0,0.0,0.0,0.0,883,663823
-0.05926264223928144,-0.3129039642447486,0.0,0.0,0.0,0.0,0.0,-0.00533253213627453,0.0,0.0,0.0,0.0,0.0,0.0,0.0,0.0,0.0,0.0,0.0,0.0,0.0,-0.003423275429660079,0.0,0.0,0.0,0.0,0.0,0.0,0.0,-0.003683716109024677,0.0,-0.002273710390625687,0.0,-0.00235046432506942,0.0,0.0,0.0,0.0,0.0,0.0,0.0,0.0,-0.002774438747902325,0.0,0.0,0.0,0.0,0.0,-0.0034970308874335875,0.0,0.0,0.0,0.0,0.0,0.0,0.0,-0.0021510071864934044,0.0,0.0,0.0,-0.003872740747888238,0.0,-0.001004104070310281,0.0,0.0,0.0,-0.0021409702827142833,0.0,0.0,0.0,0.0,-0.005023554452266809,0.0,0.0,-0.004020476314782654,0.0,0.0,-0.0008764285026673656,0.0,0.0,-0.015656151839103502,-0.004139238421417368,0.0,0.0,-0.0013090448553821448,-0.0008221816242497724,-0.0027672059333945396,0.0,-0.004253418179979631,-0.0027311266181221723,0.0,0.0,0.0,-0.0010436611648982847,0.0,-0.005476098811075253,0.0,0.0,0.0,0.0,0.0,0.0,0.0,0.0,-0.005977517741540734,0.0,-0.0021808926790760456,0.0,-0.002770488611468018,0.0,0.0,0.0,-0.01082181948790433,0.0,0.0,-4.625671920807882e-05,0.0,0.0,0.0,0.0,0.0,0.0,-0.0012748717461685511,-0.00018771079657727734,0.0,0.0,0.0007896814788242375,0.0,0.0,0.0,0.0,0.0,0.0,0.0,0.0,0.0,0.0,0.0,0.0,-0.0010681188616700687,0.0,-0.0016252286682962658,-0.0032860465234968517,-0.004805843809866707,-0.008604018030922792,0.0,0.0,0.0,0.0,-0.029299945022854476,0.0,-0.016513926894490296,0.0,0.0,0.0,0.0,0.023327913529073586,0.0,-0.0012948159020534922,883,136012
0.0,0.44471336156024743,0.0,0.0,0.0,0.0,0.0,0.0,0.0,0.0,0.0,0.0,0.0,0.0,0.0,0.0,0.0,0.0,0.0,0.0,0.0,0.0,0.0,0.0,0.0,0.0,0.0,0.0,0.0,0.0,0.0,0.0,0.0,0.0,0.0,0.0,0.0,0.0,0.0,0.0,0.0,0.0,0.0,0.0,0.0,0.0,0.0,0.0,0.0,0.0,0.0,0.0,0.0,0.0,0.0,0.0,0.0,0.0,0.0,0.0,0.0,0.011824084853265056,0.0,0.0,0.004264433045146038,0.0,0.0,0.0,0.0,0.0,0.0,0.0,0.0,0.0,-0.007769042183874891,0.0,0.0,0.0020187988531738255,0.002075333439013727,0.0,0.0,0.0,0.0,0.0,0.0,0.0,0.0,0.0,0.0,0.0,0.0,0.0,0.0,0.002903525539056935,0.0,0.0,0.0,0.0,0.0,0.0,0.0,0.03311471517405344,0.00547222811620067,0.0,0.0,0.0,0.0,0.0,0.0,0.0,0.0,0.0,-0.006327129150693167,0.0,0.0,0.0,0.0,0.0,0.0,0.003198236289220495,0.0,0.0,0.0,0.0,0.0,0.0,0.0,0.0,0.0,0.0,0.0,0.0,0.0,0.0,0.0,0.0011194675616719302,0.0,0.0,0.0,-0.02849775870958937,0.0,0.0,0.0,0.0,0.0027910769655201118,0.0,0.0,0.0,0.0,0.0,0.0,0.005042741662929506,0.005577644909693036,0.0,0.0,0.0,0.0,0.0,0.0,1006,655183
-0.06289792307021522,-0.3128086216507793,0.0,-0.0011464752887992119,0.0,0.0006988448275399027,0.0,0.0,-0.004950826739944534,0.0,0.0,0.0,0.0,0.0,-0.0012432895190874966,0.0071499396498674985,0.0,0.0,-0.0035561692606527616,0.0,0.0,-0.0032692022487363645,-0.0024354322404054034,-0.004102309900478951,-0.0017690932747948843,0.0,0.0,0.0,0.0,0.0,0.0,0.0,0.0,0.0,0.0,0.0,0.0028683957777374744,0.0,-0.007603901880760127,0.0,0.0,0.0,0.0,0.0,0.0,0.0,-0.0002066626207826728,0.0,0.0,0.0,0.0,0.0,0.0,-0.0024259895232554094,0.0,0.0,-0.007180064785609159,0.0,-0.0021644921780343313,0.0,0.001688000232190413,0.0,0.0,0.0,0.0,-0.0034162237772053087,-0.06109846015597346,0.0,0.0,0.0,-0.0034262774386428605,0.0,-0.0008617917714720203,0.0,-0.002260677625940297,0.0,0.0,-0.0034023599315985056,0.0,-0.005575193071713354,0.0,-0.002334070446929907,0.0,0.0,0.0,0.0,0.0,0.0,-0.004674206661188095,-0.0013758989444209776,0.0,-0.01773629943353524,-0.005347700326660546,0.0,0.0,0.0,0.0,0.0,0.0,0.0,-0.003448650324053961,-0.0005724523029677671,0.0,0.007948715318329127,0.0,-0.0028893425235186933,0.0,0.0,0.009311117054247676,-0.006253477359126596,-0.0025888243395489757,0.0,-0.004587274588268306,0.0,0.0,0.0,0.0,0.0,0.0,0.0,0.0,0.0,0.0,-0.004486926159862225,0.0,-0.002062957667395396,-0.0028633311029449895,0.0,0.0,0.0,0.0,-0.0023613180557495255,0.0,0.0,0.0052061668271087685,0.0035980177025291445,-0.0056303032387487,0.0,0.0,-0.003523066418156142,0.008267602001412515,0.0,0.0,-0.00038280525085441906,0.0,0.0,0.0,-0.005079410023670352,0.0,0.0,0.0,-0.004204442678071893,0.005144443175335934,-0.002546687115666599,0.012433635629906736,0.0,0.0,0.0,0.0,1006,466034
0.0,0.3916497393619831,0.008783469824254375,-0.0031562058169307683,0.0054890202336514565,0.0,0.0012931000829082828,0.0,0.0,0.004091083595102907,0.0,0.0,0.002154449879506748,0.0,0.0,0.0,0.0,0.0,0.0,0.0,0.0,0.013827477680355249,0.004095934545497615,0.008446159485811844,0.004067161075734127,0.0,0.005297847303121661,0.00754375638968785,0.0,-0.011962763960768119,0.0072522819250318005,0.0004489822278390676,0.0,-0.003358584229846806,0.0,0.0,-0.004649901460720862,-0.005547649407197097,-0.0030111590857883064,-0.00435951824783265,0.0,0.0,-0.002164115066233707,0.005806182836132712,-0.004854738082956445,0.0,-0.0020820104865628686,0.0,0.009576493499594552,-0.003078449186505683,0.0025554447477045272,0.0041035566795621925,-0.007202002877932,0.0020849791285049157,0.0,-0.0029353284415865044,-0.007430516432974904,0.0,-0.004139230640976099,-0.009480075295529633,0.02505655293613912,-0.0024908414152007285,-0.0036563961511454357,0.025733372894686468,0.008869560924566144,0.0,0.0,-0.0021146677625183408,0.004709428794930415,0.005512361139328181,-0.006092839253248855,0.0051169123140442085,-0.004001114199579603,0.0016209109755436768,-0.005116928701397461,-0.006800600671176271,-0.0012622754181359497,0.005426463619510491,0.008183172980817832,-0.0015002536234960395,0.005212053103993308,-0.01022701837458373,-0.004559985569536629,-0.0042292077825529795,0.004333949289486161,0.0,0.0,0.001708674746960126,0.0,0.0,0.0,0.008133115055398044,-0.0025195216265850584,0.0060086624182544845,0.0017354145126702303,0.0,0.0,0.016752062768817577,0.0,0.00022852738858958332,0.002264550559506251,0.0,0.0,0.0,-0.0013491641658094355,-0.011206554744865205,-0.0071302596060665024,0.0,0.0,-0.004321886250648221,-0.0011490681052169771,-0.004978287836259754,0.0,0.0,0.0,0.0,0.006663577280531019,-0.004334687035142171,0.0,-0.013468370566126486,-0.00752626384862376,-0.007321695035581333,0.00514065836401123,-0.0018535980208247427,0.0,0.0011834743445655604,-0.0015778986087338076,0.0,-0.0022038995133099037,0.0004375639450302504,0.005835766436013579,-1.6266491069671929e-06,0.0,-0.0005719611015065906,0.0,0.0,-0.002589110135756245,0.005508435270917156,0.0,0.004213332708389694,0.002287018018514164,0.0017170896049683027,-0.006248529834460337,0.006660551120059144,-0.01691959545670385,0.002966738438603622,0.003953896969815074,0.0,0.0005832077219820597,0.008123899211159635,-0.004427661902281166,0.00380866794907031,0.0063862580755016385,0.02038156479348452,0.005528230095733999,0.0,0.0012363553292490392,-0.003062958295063034,0.0,1066,709999
-0.03972908858750815,0.33853541868564935,0.008656089242690691,0.0,-0.02388915247983858,0.023838781093591156,0.0,0.020898186631926833,0.0,0.0,0.0,0.01689870695149602,-0.012438605978055333,0.0,0.017221671600534495,0.038608760362704865,0.0,-0.00522998931669661,0.0,0.0,-0.013913183034910357,-0.04301908746503424,-0.0018613221862993127,-0.035447349069877794,0.0,0.0,0.0,0.02258265899353345,0.0,0.0,-0.04269566449062667,0.0,0.03788312245369503,0.0,-0.020093453251500387,0.0,0.0,0.0,0.0,0.0,-0.028701029579593196,0.0,0.0,0.0,0.0,0.0,0.0,0.0,0.0,0.014594503272241498,0.0,0.0,0.0,0.0,-0.019130286575570685,-0.0060917025275447284,0.0,-0.014846245310623259,-0.02251074253995079,-0.013412346031581262,0.0,0.0,0.0,0.02083043913138182,-0.12521158495766144,0.0,0.012778075029592504,0.036486786768933355,0.0,-0.013042451759710168,0.0,0.011488880610969993,-0.010094096551354168,-0.015845903778958843,-0.03521554380793547,0.0,0.024171279157856863,0.004675582903638907,0.028624219827882266,0.0,0.0,0.0,-0.01907357001158795,-0.01996346865479287,0.013191052211271351,-0.028855717598575963,-0.031056326033053007,-0.021774440192882074,0.0,0.0,0.03034437265076041,0.0,-0.015597180063140694,0.027420584554975713,-0.0040100754103836855,0.0,0.021046782435075826,-0.012287481192259211,0.0,-0.02142696444065319,-0.0037442559649972324,0.0,0.0,0.03600359783102561,-0.02542133403490557,0.0,0.0,0.0036662008485402473,0.0,0.0,0.0,0.0,0.0,0.0,0.0,-0.0071421997574699185,-0.006716987465708962,-0.007181815461097212,-0.028290668222233053,0.0,-0.047484377792446124,0.0,0.0,-0.02182449308850455,0.0,0.018917320783436175,0.03602091325486946,0.0,0.020922674678576957,0.0,0.0,0.0,0.0,0.0,0.0,0.0,0.04924400047791516,0.0,0.0,-0.11025865504863033,0.0,-0.03093105784998052,-0.00447270325742945,0.011907683549678503,-0.20558150036685913,0.0,-0.011276681013247258,0.0,0.0,0.02265938051853474,0.0,0.0,0.04646634102884771,0.0,0.0,0.0,0.0,-0.009531830391083296,0.0,1066,1096020
0.2420263389385816,0.19828861937372405,0.0,0.0,0.0,0.0,0.0,0.0,0.0,0.0,0.0,0.0,0.0,0.0,0.0,0.0,0.0,0.0,0.0,0.0,0.003835489419546312,0.0,0.0,0.0,0.0,0.0,0.0,0.0,0.0020974694109957906,0.0,0.0,0.0,0.0,0.0,0.0,0.0,0.0,0.0,0.0,0.0,0.0,0.0017788866903045153,0.0,0.0,0.0,0.0,0.0,0.0,0.0,0.0,0.0,0.0,0.0,0.0,0.0,0.009899109879684787,0.0,0.0,0.0,0.0,0.0,0.0,0.0,0.0,0.0,0.0,0.0,0.0,0.0,0.0,0.006499671150331676,0.0,0.0,0.0,0.020118702708115832,0.0,0.0,0.0,-0.03167079132331463,0.0,0.0,0.0,0.0,0.0,0.0,0.0,0.0,0.002609051465806367,0.0,0.0,0.0,0.0,0.0,0.0,0.005359152419519508,0.0,0.0,0.0,0.0,0.0,0.0,0.0,0.0,0.0,0.0,0.0,0.0,0.0,0.0,0.0,0.0,0.0,0.0,0.0,0.0,0.0,0.0,0.0,0.0,0.0,0.0,0.0,0.012090438022931138,0.0,0.0,0.0,0.0,0.0,0.0,0.0,0.0,0.0,0.0,0.0,0.0,0.0,0.0,0.0,0.0,0.0,0.0,0.0,0.0,0.0,0.0,0.008631089254810986,0.0,0.0,0.0,0.0,0.0,0.0,0.0,0.0,0.0,0.0,0.0,0.0,0.0,1066,700868
0.0,-0.11148949348980433,0.0,0.0,0.0,0.0,0.0,0.0,0.0,0.0,0.0,0.008867326477486698,0.0,0.0,0.011144011049750019,0.0,0.0,0.0012652089345530637,0.0,0.0,0.0,0.0,0.0,0.0,0.0,0.0,0.0,0.0,0.0,0.0,0.0,0.0,0.0007310636043447796,0.0,0.0,0.0,0.0,0.0,0.0,0.0,0.0,0.0,0.0,0.0,0.0,0.0,0.0,0.0,0.0,0.0,0.0,0.004505661707381162,0.0,0.0,0.0,0.0,0.0,0.0,0.0,0.0,0.0,0.0,0.0,-0.02409103377229494,0.0034007139483454513,0.0,0.0,0.0,0.0,0.0,0.0,0.0,0.0,0.0,0.22184508540244158,0.0,0.0,0.0,0.0,0.0,0.0,0.0,0.0,0.018819293183530178,0.0,0.0,0.0,0.0,0.0,0.0,0.0,0.0,0.0,0.0,0.0,0.0,0.0,0.0,0.0,0.0,0.0,0.0,0.0,-0.0006358298483351427,0.0,0.0,0.0,0.0,0.0,0.0,0.0,0.00843776906896368,0.2991304507853322,0.0,0.0,0.007318171924476827,0.008889837968899195,0.0,0.013281746226758762,0.0,0.0,0.0,0.0,0.0,0.0,0.0,0.0,0.0,0.0,0.0,0.0,0.0,0.0,0.0,0.0,0.0,0.0,0.0,0.0,0.0,0.0,0.0,0.0,0.0,0.003293065174025167,0.0,0.0,0.0,0.0,0.0,0.0,0.0,0.0003979795762513172,0.0,0.0026881103723940813,0.0,0.0,0.0,0.0,1066,726478
